invima,url_cv,precio_cv,precio_fm,url_fm
2020M-0012915-R1X10,https://www.cruzverde.com.co/bienestar-y-nutricion/vitaminas-y-minerales/vitamina-c-tabletas-masticables-sabor-naranja-500mg-blister-x-10/COCV_110896.html,5130,4400,https://www.farmatodo.com.co/producto/226450549-fraccion-vitamina-c
2023M-0010287-R1X80,https://www.cruzverde.com.co/bienestar-y-nutricion/vitaminas-y-minerales/sulzinc-solucion-oral-2mgml-frasco-x-80ml/COCV_94784.html,18180,18100,https://www.farmatodo.com.co/producto/1039802-sulzinc-2mg-solucion
2022M-0012808-R2X300,https://www.cruzverde.com.co/medicamentos/gastricos/gaviscon-doble-accion-52.252.13gr100ml-suspension-frasco-x-300ml/COCV_117793.html,69303,68950,https://www.farmatodo.com.co/producto/1046949-gaviscon-doble-accion
2020M-0013607-R1X60,https://www.cruzverde.com.co/medicamentos/formulados/lipogras-120mg-caja-x-60-capsulas-duras-con-contenido-liquido/COCV_111976.html,194700,190950,https://www.farmatodo.com.co/producto/1046998-lipogras-120mg-capsulas
2020M-0013607-R1X30,https://www.cruzverde.com.co/medicamentos/formulados/lipogras-orlistat-capsulas-duras-con-contenido-liquido-120mg-caja-x-30/COCV_111975.html,121600,119300,https://www.farmatodo.com.co/producto/1046164-lipogras-120mg-capsulas
2020M-0015447-R1,https://www.cruzverde.com.co/medicamentos/gastricos/genoprazol-capsulas-20-mg-caja-x-14/COCV_126724.html,21470,13450,https://www.farmatodo.com.co/producto/1049584-capsula-genoprazol-omeprazol-20-mg-x-14-tab
2017M-0012353-R1X16,https://www.cruzverde.com.co/medicamentos/salud-digestiva/alevian-duo-300100mg-caja-x-16-capsulas/COCV_104611.html,146538,137950,https://www.farmatodo.com.co/producto/1041377-alevian-duo-100300mg
2023M-0007266-R2X15,https://www.cruzverde.com.co/medicamentos/salud-visual-y-auditiva/optive-solucion-oftalmica-3.25mg1.75mg9mgml-frasco-x-15-ml/COCV_60151.html,63840,60950,https://www.farmatodo.com.co/producto/1027189-optive-0509
2021M-0004066-R2,https://www.cruzverde.com.co/medicamentos/organosdesentidos/gaap-ofteno-solucion-oftalmica-0.05mgml-frasco-x-3ml/COCV_58535.html,25460,25250,https://www.farmatodo.com.co/producto/1043582-gaap-ofteno-0005
2008M-0009017,https://www.cruzverde.com.co/medicamentos/formulados/nitazoxanida-500mg-caja-x-6-tabletas-recubiertas/COCV_98042.html,29610,26240,https://www.farmatodo.com.co/producto/1033583-nitazoxanida-la-sante
2023M-002312-R5,https://www.cruzverde.com.co/medicamentos/formulados/bactrim-f-tabletas-160mg800mg-caja-x-10/COCV_18769.html,55900,51960,https://www.farmatodo.com.co/producto/1000169-bactrim-f-800160mg-tab
2023M-0012443-R2,https://www.cruzverde.com.co/medicamentos/formulados/vaginsol-f-ovulos-vaginales-200100mg-caja-x-3/COCV_105643.html,94525,89000,https://www.farmatodo.com.co/producto/288500492-vaginsol-f-clotrimazol
2021M-0004603-R2,https://www.cruzverde.com.co/medicamentos/formulados/femoston-conti--tabletas-recubiertas-15mg-caja-x-28/COCV_120145.html,24368,24200,https://www.farmatodo.com.co/producto/1046974-femoston-conti-15mg
2021M-0017374-R1,https://www.cruzverde.com.co/medicamentos/formulados/enitrax-100mg-caja-x-30-capsulas/COCV_140227.html,90820,36950,https://www.farmatodo.com.co/producto/1054519-enitrax-100mg-caja-x-14
2022M-015012-R3,https://www.cruzverde.com.co/medicamentos/formulados/tromix-500mg-caja-x-3-tabletas/COCV_19058.html,100463,98950,https://www.farmatodo.com.co/producto/1001916-tromix-500mg-tableta
2008M-0008511,https://www.cruzverde.com.co/medicamentos/formulados/metformina-tabletas-recubiertas-500mg-caja-x-30/COCV_126097.html,48560,45858,https://www.farmatodo.com.co/producto/1049915-metformina-genfar-500mg
2021M-0007746-R1,https://www.cruzverde.com.co/medicamentos/formulados/quanox-0.6-solucion-oral-gotas-frasco-x-5-ml/COCV_19104.html,29900,27800,https://www.farmatodo.com.co/producto/1002269-quanox-06-sol-oral
2016M-0004917-R1,https://www.cruzverde.com.co/medicamentos/formulados/virex-400mg-caja-x-35-tabletas/COCV_18701.html,203253,91100,https://www.farmatodo.com.co/producto/237150015-furoato-de-mometasona
2017M-014805-R2,https://www.cruzverde.com.co/medicamentos/formulados/gynoflor-102-crema-vaginal-tubo-x-40-gr/COCV_19183.html,48830,38360,https://www.farmatodo.com.co/producto/1001700-gynoflor-210-crema
2020M-000743-R3,https://www.cruzverde.com.co/medicamentos/formulados/amoxicilina-500mg-c-blister-x-10-capsulas/COCV_75236.html,6365,6250,https://www.farmatodo.com.co/producto/1014231-fraccion-amoxicilina-mk
2021M-001483-R3,https://www.cruzverde.com.co/medicamentos/formulados/ciprofloxacina-500-mg-tabletas-recubiertas-caja-x-10-genfar/COCV_16826.html,9453,7735,https://www.farmatodo.com.co/producto/1000284-ciprofloxacino-genfar
2020M-0009749-R1,https://www.cruzverde.com.co/medicamentos/formulados/gynclox-ovulos-200mg100mg-caja-x-3-tabletas-vaginal/COCV_59996.html,102980,97150,https://www.farmatodo.com.co/producto/1027506-gynclox-200100mg-ovu
2022M-012398-R4,https://www.cruzverde.com.co/medicamentos/formulados/aciclovir-genfar-200mg-caja-x-25-tabletas/COCV_30142.html,14025,13685,https://www.farmatodo.com.co/producto/1002595-aciclovir-genfar-200mg
2022M-0011783-R2,https://www.cruzverde.com.co/medicamentos/formulados/nitazoxanida-100mg5ml2-gran-suspencion-oral--frasco-x-60ml-mk/COCV_114949.html,53580,50150,https://www.farmatodo.com.co/producto/1044185-nitazoxanida-mk-100mg
2022M-004567-R3,https://www.cruzverde.com.co/medicamentos/formulados/tindazol-genfar-1gr-caja-x-4-tabletas/COCV_30248.html,5035,4250,https://www.farmatodo.com.co/producto/1001035-tinidazol-genfar-1g
PFM2014-0002289X60,https://www.cruzverde.com.co/medicamentos/salud-digestiva/ciruelax-minitabs-tabletas-recubiertas-75mg-caja-x-60/COCV_139068.html,45220,41355,https://www.farmatodo.com.co/producto/1052229-ciruelax-comprimidos
2023M-0007266-R2X10,https://www.cruzverde.com.co/medicamentos/salud-visual-y-auditiva/optive-solucion-oftalmica-frasco-x-10-ml/COCV_97051.html,44650,42200,https://www.farmatodo.com.co/producto/1036462-optive-gotas-x-10-ml
2017M-002891-R2,https://www.cruzverde.com.co/medicamentos/alergias/alercet-10-mgml1-gotas-frasco-x-1-5ml-uva/COCV_159064.html,85928,84950,https://www.farmatodo.com.co/producto/1012455-alercet-uva-10mg-gotas
2023M-0015242-R1,https://www.cruzverde.com.co/medicamentos/alergias/caladryl-8-locion-topica--fco-x-100-ml/COCV_21247.html,21375,21000,https://www.farmatodo.com.co/producto/1003588-caladryl-clear-gel
2020M-014625-R3,https://www.cruzverde.com.co/medicamentos/alergias/loratadina-10-mg-tabletas-cajas-x-20/COCV_60341.html,7900,5880,https://www.farmatodo.com.co/producto/214150071-loratadina-10mg-ag-caja
NSOC34260-09CO,https://www.cruzverde.com.co/medicamentos/alergias/crema-sodermix-tubo-x-30-gr/COCV_86470.html,157035,150950,https://www.farmatodo.com.co/producto/1041721-sodermix-2-crema-tubo
2023M-012964-R4,https://www.cruzverde.com.co/medicamentos/alergias/loratadina-10mg-tableta-caja-x-10-tabletas/COCV_75227.html,5150,4650,https://www.farmatodo.com.co/producto/1000690-loratadina-mk-10mg
2008M-0008745,https://www.cruzverde.com.co/medicamentos/alergias/cetirizina-10mg-tableta-recubierta-caja-x-10-tabletas/COCV_80305.html,8503,8250,https://www.farmatodo.com.co/producto/1032329-cetirizina-mk-10mg
2022M-0005929-R2,https://www.cruzverde.com.co/medicamentos/alergias/cetirizina-genfar-kids-5mg5ml0.1-jarabe--frasco-x-60ml/COCV_138742.html,32650,18360,https://www.farmatodo.com.co/producto/214100015-cetirizina-ag-jarabe--x
SD2013-0002862X30,https://www.cruzverde.com.co/medicamentos/dermatologicos/gelicart-polvo-suspension-oral-caja-x-30-sobres-x-10gr-cu/COCV_114460.html,122900,99120,https://www.farmatodo.com.co/producto/1045579-gelicart-colageno-hidrolizado-30-sobres
2020M-14443-R2,https://www.cruzverde.com.co/medicamentos/analgesicos/meloxicam-mk-15mg-caja-x-10-tabletas/COCV_18028.html,18620,15150,https://www.farmatodo.com.co/producto/1000711-meloxicam-mk-15mg
2019M-011317-R3,https://www.cruzverde.com.co/medicamentos/analgesicos/motrin-tabletas-recubiertas-800mg-blister-x-10/COCV_19145.html,35768,31100,https://www.farmatodo.com.co/producto/1004015-fraccion-motrin-800mg
2020M-006042-R4,https://www.cruzverde.com.co/medicamentos/analgesicos/diclofenaco-50mg-tableta-recubierta-caja-x-20-tabletas-mk/COCV_63953.html,5463,5200,https://www.farmatodo.com.co/producto/1000379-diclofenaco-mk-50mg
2022M-014454-R2,https://www.cruzverde.com.co/medicamentos/analgesicos/meloxicam-mk-7.5mg-caja-x-10-tabletas/COCV_18019.html,14393,13950,https://www.farmatodo.com.co/producto/1002024-meloxicam-mk-75mg
2019M-0007159-R1,https://www.cruzverde.com.co/medicamentos/analgesicos/arcoxia-90mg-caja-x-14-tabletas/COCV_58593.html,117610,108950,https://www.farmatodo.com.co/producto/1026558-arcoxia-90mg-tabletas
2019M-0001532-R2,https://www.cruzverde.com.co/medicamentos/analgesicos/naproxeno-500mg-tabletas-recubiertas--caja-x-10-amer-gen/COCV_96577.html,10308,8320,https://www.farmatodo.com.co/producto/219350161-naproxeno-500mg-ag-caja
2020M-0013066-R1,https://www.cruzverde.com.co/medicamentos/analgesicos/acetaminofencodeina-32530mg-tabletas--caja-x-30-mk/COCV_147289.html,45790,41500,https://www.farmatodo.com.co/producto/274450851-acetaminofen--codeina
2008M-0008561X12,https://www.cruzverde.com.co/medicamentos/ofertas-de-ahorro-imperdibles/noxpirin-sinus-tabletas-recubiertas-caja-x-12/COCV_99375.html,14155,11000,https://www.farmatodo.com.co/producto/102261922-oft-noxpirin-sinus-pague
2023M-0008725-R2,https://www.cruzverde.com.co/medicamentos/alivio-del-dolor/tizanidina-4mg-caja-x-20-tabletas/COCV_95260.html,79380,72760,https://www.farmatodo.com.co/producto/1055048-tizanidina-4mg-ag-caja-x
2019M-0014723-R1,https://www.cruzverde.com.co/medicamentos/alivio-del-dolor/ericox-120mg-caja-x-7-tabletas-recubiertas/COCV_117345.html,66643,63950,https://www.farmatodo.com.co/producto/1046997-ericox-120mg-tabletas
2023M-011163-R3,https://www.cruzverde.com.co/medicamentos/alivio-del-dolor/procto-glyvenol-caja-x-5-supositorios/COCV_20165.html,64743,61000,https://www.farmatodo.com.co/producto/1001396-proctoglyvenol-antihemorroidal-5-supositorios
2022M-0013738-R1,https://www.cruzverde.com.co/medicamentos/alivio-del-dolor/mitrul-capsulas-liberacion-prolongada-15mg-caja-x-10/COCV_109747.html,104975,101950,https://www.farmatodo.com.co/producto/1041985-mitrul-15mg-capsulas
2020M-0016217-R1,https://www.cruzverde.com.co/medicamentos/alivio-del-dolor/doliren-tabletas-recubiertas-5325mg-caja-x-10/COCV_135481.html,60325,57950,https://www.farmatodo.com.co/producto/1050908-doliren-5325mg-caja-x10
2022M-0007037-R1,https://www.cruzverde.com.co/medicamentos/alivio-del-dolor/benzirin-rosa-050-polvo-sobre-individual/COCV_18770.html,12968,10300,https://www.farmatodo.com.co/producto/1004068-fraccion-benzirin-rosa
2015M-0004641-R1,https://www.cruzverde.com.co/medicamentos/alivio-del-dolor/flectadol-capsulas-caja-x-20/COCV_58858.html,75430,66300,https://www.farmatodo.com.co/producto/1025551-flectadol-400mg-capsulas
2020M-0014892-R1,https://www.cruzverde.com.co/medicamentos/alivio-del-dolor/ericox-tabletas-recubiertas-90mg-caja-x-14/COCV_119390.html,99418,92950,https://www.farmatodo.com.co/producto/1047190-ericox-90mg-tabletas
2017M-0017664,https://www.cruzverde.com.co/medicamentos/alivio-del-dolor/fenalgex-caja-x-10-tabletas/COCV_157894.html,44223,44200,https://www.farmatodo.com.co/producto/1061246-fenalgex-plex-caja-x-10
2019M-013241-R2,https://www.cruzverde.com.co/medicamentos/alivio-del-dolor/diclofenaco-tabletas-recubiertas-50-mg-caja-x-30/COCV_17378.html,6660,6248,https://www.farmatodo.com.co/producto/1000380-diclofenaco-50mg
2020M-0013210-R1,https://www.cruzverde.com.co/medicamentos/alivio-del-dolor/cronofen-500mg-tabletas--caja-x-10/COCV_142300.html,5843,4300,https://www.farmatodo.com.co/producto/286200613-cronofen-acetaminofen
2021M-007908-R4,https://www.cruzverde.com.co/medicamentos/alivio-del-dolor/piroxicam-20mg-capsula-caja-x-10-capsulas/COCV_33283.html,5535,5500,https://www.farmatodo.com.co/producto/1000850-piroxicam-mk-20mg
2019M-003819-R4,https://www.cruzverde.com.co/medicamentos/anticonceptivos-y-tratamientos-hormonales/neogynon-caja-x-21-grageas/COCV_19813.html,7505,6550,https://www.farmatodo.com.co/producto/1000777-neogynon-grageas-caja
2018DM-0002695-R1,https://www.cruzverde.com.co/medicamentos/botiquin-y-primeros-auxilios/botiquin-rojo-paquete-x-1-nexcare/COCV_109524.html,36250,22000,https://www.farmatodo.com.co/producto/1039462-toallas-antisepticas-bd
2016M-0016726,https://www.cruzverde.com.co/medicamentos/corazon-y-sistema-circulatorio/anemikids-600mg-frasco-x-120-ml-solucion-oral/COCV_135684.html,79900,79500,https://www.farmatodo.com.co/producto/231750052-anemikids-gotas-6mgml
2020M-0010516-R1,https://www.cruzverde.com.co/medicamentos/corazon-y-sistema-circulatorio/nabila-2.5mg-caja-x-28-comprimido/COCV_99509.html,35673,34250,https://www.farmatodo.com.co/producto/1035549-nabila-25mg-comprimidos
2022M-006135-R3,https://www.cruzverde.com.co/medicamentos/corazon-y-sistema-circulatorio/betaloc-zok-tabletas-liberacion-prolongada-50mg-caja-x-30/COCV_111989.html,20995,17955,https://www.farmatodo.com.co/producto/1043752-betaloc-zok-50mg-com
2017M-0017904,https://www.cruzverde.com.co/medicamentos/corazon-y-sistema-circulatorio/bi-preterax-2.510mg-tabletas-recubiertas-caja-x-30/COCV_107822.html,50730,26950,https://www.farmatodo.com.co/producto/1041603-bi-preterax-5mg
2009M-0009500,https://www.cruzverde.com.co/medicamentos/corazon-y-sistema-circulatorio/natrilix-sr-1.5mg-caja-x-30-tabletas-liberacion-prolongada/COCV_136383.html,12683,12450,https://www.farmatodo.com.co/producto/1053260-natrilix-sr-15mg
2022M-0011802-R2,https://www.cruzverde.com.co/medicamentos/corazon-y-sistema-circulatorio/iltux-20mg-caja-x-28-tabletas/COCV_99815.html,27930,27200,https://www.farmatodo.com.co/producto/220400364-iltux-20gr-tecnofarma
2015M-000122-R2,https://www.cruzverde.com.co/medicamentos/corazon-y-sistema-circulatorio/cardio-aspirina-tabletas-cubierta-enterica-100mg-caja-x-30/COCV_20220.html,57333,37975,https://www.farmatodo.com.co/producto/1003630-cardioaspirina-100mg
2021M-0016455-R1,https://www.cruzverde.com.co/medicamentos/corazon-y-sistema-circulatorio/bisoprolol-mk-2.5mg-frasco-x-30-tabletas-recubierta/COCV_157887.html,9975,9100,https://www.farmatodo.com.co/producto/1060939-bisoprolol-mk-25mg-caja
2023M-002010-R3,https://www.cruzverde.com.co/medicamentos/corazon-y-sistema-circulatorio/flunarizina-10mg-tabletas-caja-x-30-mk/COCV_541008.html,14583,13750,https://www.farmatodo.com.co/producto/252500010-flunarizina-10mg-mk-caja
2022M-0005352-R2X20,https://www.cruzverde.com.co/bebe-y-maternidad/panales-y-toallitas-humedas/crema-no-4-original-crema-x-20-gr/COCV_63440.html,9975,9950,https://www.farmatodo.com.co/producto/1009307-crema-anti-panalitis
2019M-0009335-R1,https://www.cruzverde.com.co/medicamentos/dermatologicos/epiduo-gel-tubo-x-30-gr/COCV_81146.html,147630,145250,https://www.farmatodo.com.co/producto/1032443-epiduo-01250
2022M-002257-R5,https://www.cruzverde.com.co/medicamentos/dermatologicos/pasta-granugena-20-tubo-x-60-gr/COCV_58897.html,21280,20950,https://www.farmatodo.com.co/producto/1027193-pasta-granugena-unguento
2020M-002965-R3,https://www.cruzverde.com.co/medicamentos/dermatologicos/acetato-de-aluminio-ph-4.5-winthrop-locion-frasco-x-120-ml/COCV_17599.html,12878,12708,https://www.farmatodo.com.co/producto/1021865-acetato-de-aluminio-ph
2015M-0016283X28,https://www.cruzverde.com.co/medicamentos/dermatologicos/oracea-capsulas-liberacion-modificada-40mg-caja-x-28/COCV_134151.html,136943,131250,https://www.farmatodo.com.co/producto/1050468-oracea-40mg-capsulas
2023M-0013183-R2,https://www.cruzverde.com.co/medicamentos/dermatologicos/unesia-unguento-antimicotico-20gr/COCV_109280.html,31160,10120,https://www.farmatodo.com.co/producto/1000713-meloxicam-la-sante-75mg
NSOC05887-02CO,https://www.cruzverde.com.co/medicamentos/dermatologicos/locion-antimosquitos-baby-johnson-frasco-x-200ml/COCV_161949.html,36148,34350,https://www.farmatodo.com.co/producto/1056843-johnsons-locion-antimosquito-x-200-ml
2023M-008385-R4X35,https://www.cruzverde.com.co/medicamentos/dermatologicos/baycuten-n-crema-10.50.04-tubo-x-35-gr/COCV_20482.html,49828,39600,https://www.farmatodo.com.co/producto/1001518-baycuten-n-crema-tubo
2023M-008385-R4X20,https://www.cruzverde.com.co/medicamentos/dermatologicos/baycuten-n-crema-via-topica-tubo-x-20-gr/COCV_20479.html,28643,22600,https://www.farmatodo.com.co/producto/1001963-baycuten-n-crema-tubo
NSOC53745-13CO,https://www.cruzverde.com.co/medicamentos/dermatologicos/repelente-autan-extraproteccion-frasco-x-177ml/COCV_555524.html,19048,15960,https://www.farmatodo.com.co/producto/262350174-repelente-autan-spray
2017M-0005661-R1,https://www.cruzverde.com.co/medicamentos/dermatologicos/cromus-unguento-dermico-0.03-tubo-x-30-gr/COCV_55110.html,139270,66900,https://www.farmatodo.com.co/producto/1027191-cromus-003-unguento
2022M-0011599-R2X20,https://www.cruzverde.com.co/medicamentos/dermatologicos/derma-q-210.1-crema-topica-galeno-tubo-x-20-gr/COCV_100074.html,53818,52750,https://www.farmatodo.com.co/producto/1037217-derma-q-2101-cretubx20g-pharmetique-mupirocina-clotrimazol-mometasona
2022M-005619-R3,https://www.cruzverde.com.co/medicamentos/dermatologicos/aciclovir-5-unguento-topico--tubo-x-15gr/COCV_17747.html,12330,6600,https://www.farmatodo.com.co/producto/1000040-aciclovir-genfar-5
NSOC04010-21CO,https://www.cruzverde.com.co/medicamentos/dermatologicos/beta-gluderm-emulsion-cutanea-tubo-x-30ml/COCV_526582.html,56430,55950,https://www.farmatodo.com.co/producto/235350072-betagluderm-emulsion
2022M-14151-R2X30,https://www.cruzverde.com.co/medicamentos/dermatologicos/crema-no-4-medicada-200mg100000uigr-crema-tubo-x-30-gr/COCV_63442.html,18050,17450,https://www.farmatodo.com.co/producto/1012418-crema-anti-panalitis
NSOC08243-03CO,https://www.cruzverde.com.co/medicamentos/dermatologicos/locion-repelente-de-insectos-nopter-frasco-x-60ml/COCV_31962.html,70150,58950,https://www.farmatodo.com.co/producto/279100569-locion-repelente-nopter-x-120-ml
2023M-005385-R3,https://www.cruzverde.com.co/medicamentos/dermatologicos/bioderm-20.040.1-crema-tubo-x-20-gr/COCV_33335.html,30020,27960,https://www.farmatodo.com.co/producto/1001623-bioderm-crema-tubx20g
2020M-0003460-R2,https://www.cruzverde.com.co/medicamentos/dermatologicos/funide-crema-tubo-x-15-gr/COCV_60309.html,37430,34950,https://www.farmatodo.com.co/producto/1020378-funide-1-crema-tubo
NSOC53746-13CO,https://www.cruzverde.com.co/medicamentos/dermatologicos/repelente-kids-autan-frasco-x-90-g/COCV_141512.html,13110,10463,https://www.farmatodo.com.co/producto/262350182-repelente-autan-crema
2021M-011756-R4,https://www.cruzverde.com.co/medicamentos/gripa-y-tos/guayacolato-glicerilo-jarabe-2-frasco-x-120-ml/COCV_95272.html,12113,11240,https://www.farmatodo.com.co/producto/1020431-guayacolato-de-glicerilo
2021M-0014051-R1,https://www.cruzverde.com.co/medicamentos/gripa-y-tos/jgb-bronquisol-forte-tos-x-120ml/COCV_121936.html,36480,34500,https://www.farmatodo.com.co/producto/218900010-bronquisol-jarabe
2015M-0015708,https://www.cruzverde.com.co/medicamentos/gripa-y-tos/sinutab-plus-ns-congestion-y-gripe-tabletas-recubiertas-5005mg-caja-x-12/COCV_142011.html,19238,18900,https://www.farmatodo.com.co/producto/1032756-sinutab-plus-ns-dia-caja
2015M-0000112-R2,https://www.cruzverde.com.co/medicamentos/gripa-y-tos/mucosina-gotas-pediatricas-solucion-oral-frasco-x-30ml/COCV_21440.html,21280,21000,https://www.farmatodo.com.co/producto/1003808-mucosina-gotas-pediatrica-alivia-la-tos-x-30-ml
2021M-003345-R3X6,https://www.cruzverde.com.co/medicamentos/gripa-y-tos/pax-noche-caja-x-6-sobres-granulos-limon/COCV_96282.html,14630,2450,https://www.farmatodo.com.co/producto/256050087-fracc-pax-noche-panela
2021M-003338-R3X6,https://www.cruzverde.com.co/medicamentos/gripa-y-tos/pax®-dia-sobres-granulos-50010mg-caja-x-6/COCV_96281.html,14630,2450,https://www.farmatodo.com.co/producto/256050052-fracc-pax-dia-naranja
2018M-001160-R4,https://www.cruzverde.com.co/medicamentos/gripa-y-tos/nasivin-adultos-solucion-nasal-0.05-frasco-x-10ml/COCV_162286.html,30305,30250,https://www.farmatodo.com.co/producto/107611848-nasivin-solucion-nasal
2019M-0014991-R1,https://www.cruzverde.com.co/medicamentos/gripa-y-tos/tukol-d-jarabe-para-la-tos-adultos-y-ninos-solucion-oral-frasco-x-125-ml/COCV_128449.html,31255,12040,https://www.farmatodo.com.co/producto/1000712-meloxicam-la-sante-15mg
2014DM-0012196,https://www.cruzverde.com.co/medicamentos/gripa-y-tos/isotonico-baby-sol-agua-dmar-marimer-frasco-x-100-ml/COCV_123981.html,81748,81350,https://www.farmatodo.com.co/producto/1048962-marimer-baby-spray
2018DM-0018819X100,https://www.cruzverde.com.co/medicamentos/gripa-y-tos/tonimer-spray-baby-solucion-isotonica-frasco-x-100-ml/COCV_75724.html,72723,71450,https://www.farmatodo.com.co/producto/1031691-tonimer-baby-spray-fco
2019M-001569-R4,https://www.cruzverde.com.co/medicamentos/gripa-y-tos/paracodina-13.6mgml1.36-sol-oral-frasco-x-30ml/COCV_21457.html,16673,15950,https://www.farmatodo.com.co/producto/1002352-paracodina-gotas-frasco
X1,https://www.cruzverde.com.co/bebe-y-maternidad/alimentacion-y-lactancia/combo-tetero-anticolico-avent-3m-1-tetina-extra-caja-x-1kit-rosado/COCV_553299.html,60130,12950,https://www.farmatodo.com.co/producto/1042524-masajeador-denture-bb
2018DM-0018819X125,https://www.cruzverde.com.co/medicamentos/gripa-y-tos/tonimer-spray-soft-x-125-ml/COCV_75723.html,78185,75950,https://www.farmatodo.com.co/producto/1032963-tonimer-normal-spray
2018DM-0018819,https://www.cruzverde.com.co/medicamentos/gripa-y-tos/tonimer-lab-strong-spray-frasco-x-200ml/COCV_141506.html,93195,75950,https://www.farmatodo.com.co/producto/1032104-tonimer-soft-spray
MH2016-0000374-R1,https://www.cruzverde.com.co/medicamentos/naturales-y-fitoterapeuticos/gripp-heel-medicamento-homeopatico-multiples-componentes-caja-x-50-tabletas/COCV_101320.html,75620,64600,https://www.farmatodo.com.co/producto/1028034-gripp-heel-tabletas-caja
2018M-0012561-R1,https://www.cruzverde.com.co/medicamentos/sistema-respiratorio/fisioline-suero-fisilogico-esteril-9mgml0.9-solucion-nasal--frasco-x-30ml/COCV_19918.html,9880,9450,https://www.farmatodo.com.co/producto/1003054-fisioline-sol-frascox30ml-quibi-cloruro-de-sodio
2023M-0012822-R2,https://www.cruzverde.com.co/medicamentos/sistema-respiratorio/furoato-de-mometasona-suspension-para-inhalacion-nasal-0.05-frasco-x-18gr/COCV_121915.html,79230,57600,https://www.farmatodo.com.co/producto/237050081-furoato-de-mometasona
MH2019-0000697-R1X30,https://www.cruzverde.com.co/medicamentos/naturales-y-fitoterapeuticos/oscillococcinum-caja-x-30-dosis/COCV_387009.html,97708,96050,https://www.farmatodo.com.co/producto/221050124-oscillococcinum-x30-dosis
PFT2024-0001663-R1,https://www.cruzverde.com.co/medicamentos/sistema-respiratorio/mieltertos-con-miel-y-propoleo-solucion-oral-frasco-x-240ml/COCV_103888.html,32205,2450,https://www.farmatodo.com.co/producto/1044062-mieltertos-pastillas
2020M-0002309-R2X30,https://www.cruzverde.com.co/medicamentos/sistema-respiratorio/aerovial-con-inhalador-capsulas-polvo-seco-para-inhalar-200mcg6mcgdosis-caja-x-30/COCV_47194.html,34770,32300,https://www.farmatodo.com.co/producto/1023065-aerovial-6200mcg--capsulas-caja-x30cap
2019M-0019068,https://www.cruzverde.com.co/medicamentos/sistema-respiratorio/filinar-g-5mgml-gel-oral-frasco-x-120ml/COCV_498763.html,49305,47450,https://www.farmatodo.com.co/producto/211150156-filinar-g-eurofarma
2017M-015087-R2,https://www.cruzverde.com.co/medicamentos/sistema-respiratorio/flixotide-50mcg-aerosol-frasco-x-120-dosis/COCV_30650.html,27455,27100,https://www.farmatodo.com.co/producto/1001804-flixotide-50mcg
2022M-011521-R2,https://www.cruzverde.com.co/medicamentos/sistema-respiratorio/lincomicina-600mg2ml300mgml-solucion-inyectabletasle-cajas-x-1ampolla-x-2ml-vitalis/COCV_543052.html,4513,4500,https://www.farmatodo.com.co/producto/209050130-lincomicina-vitalis
2022M-0010871-R1,https://www.cruzverde.com.co/medicamentos/sistema-respiratorio/montelukast-american-generics-10mg-caja-x-10-tabletas/COCV_95249.html,22468,16760,https://www.farmatodo.com.co/producto/1061564-montelukast-ag-10mg-x-10
2023M-010211-R3X8,https://www.cruzverde.com.co/medicamentos/salud-digestiva/sal-de-frutas-lua-sobre-polvo-efervescente-limon-caja-x-8-sobres-x-5g/COCV_160552.html,24843,23700,https://www.farmatodo.com.co/producto/1003745-sal-de-frutas-lua-limon
PFM2014-0002369,https://www.cruzverde.com.co/medicamentos/salud-digestiva/ciruelax-forte-jalea-laxante-frasco-x-300gr/COCV_128691.html,65218,57060,https://www.farmatodo.com.co/producto/208300029-ciruelax-forte-jalea
2013M-0002609-R1,https://www.cruzverde.com.co/medicamentos/salud-digestiva/dulcolax-p-7.5mgml-solucion-oral-frasco-x-15-ml/COCV_63380.html,38400,37950,https://www.farmatodo.com.co/producto/1024888-dulcolax-p-gotas-x-15-ml
2013M-0002362-R1X360,https://www.cruzverde.com.co/medicamentos/salud-digestiva/leche-magnesia-phillips-suspension-oral-original-8.5gr100ml-frasco-x-360ml/COCV_20404.html,37145,36950,https://www.farmatodo.com.co/producto/1014512-leche-de-magnesia
2023M-0006209-R2,https://www.cruzverde.com.co/medicamentos/salud-digestiva/lass-supositorios-laxante-adulto-2.3gr-sobre-x-5-supositorios/COCV_127366.html,8123,7200,https://www.farmatodo.com.co/producto/1043274-fraccion-lass-adulto
PFM2014-0002328,https://www.cruzverde.com.co/medicamentos/salud-digestiva/drenabyl-multiples-componentes-jarabe-frasco-x-120ml/COCV_141934.html,34800,31960,https://www.farmatodo.com.co/producto/1055911-drenabyl-jarabe-fco-x
2016M-0011148-R1,https://www.cruzverde.com.co/medicamentos/salud-digestiva/necroton-75mg150mg-caja-x-8-capsulas/COCV_20127.html,41445,40950,https://www.farmatodo.com.co/producto/1000774-necroton-capsulas-caja
2020M-0013319-R1X400,https://www.cruzverde.com.co/bienestar-y-nutricion/deporte/hidraplus-con-zinc-75meq-solucion-oral-sabor-a-coco-frasco-x-400ml/COCV_117848.html,11200,10900,https://www.farmatodo.com.co/producto/1046964-hidraplus-zinc
2023M-0018445-R1,https://www.cruzverde.com.co/medicamentos/salud-digestiva/peg-polietilenglicol-3350-g-polvo-solucion-oral-frasco-x-160-g-tecnoquimicas/COCV_164542.html,68115,5950,https://www.farmatodo.com.co/producto/1050457-fraccion-peg-17g-polvo
2023M-013059-R4X20,https://www.cruzverde.com.co/medicamentos/salud-digestiva/bis-bacter-tabletas-masticables-262mg-caja-x-20/COCV_20086.html,49495,48950,https://www.farmatodo.com.co/producto/1001268-bis-bacter-x20-tabletas
2022M-0012253-R2,https://www.cruzverde.com.co/medicamentos/salud-digestiva/leprit-enzimatico-2580150mg-caja-x-60-grageas/COCV_123821.html,146158,98350,https://www.farmatodo.com.co/producto/1040053-leprit-enzimatico-2580150mg-caja-x-30grg-pharmetique-levosulpirida-simeticona
2021M-0015571-R1,https://www.cruzverde.com.co/medicamentos/salud-digestiva/genoprazol-caja-14-capsulas-10-mg/COCV_126723.html,16388,7000,https://www.farmatodo.com.co/producto/1049583-capsula-genoprazol-omeprazol-10-mg-x14cap
2020M-0004455-R2X30,https://www.cruzverde.com.co/medicamentos/salud-mental/lyrica-75mg-caja-x-30-capsulas/COCV_123527.html,47405,47400,https://www.farmatodo.com.co/producto/1048468-lyrica-75mg-capsulas
2019M-0010260-R1,https://www.cruzverde.com.co/medicamentos/salud-mental/theralite-tabletas-300mg-caja-x-50/COCV_121897.html,52298,9900,https://www.farmatodo.com.co/producto/1004152-frac-theralite-300mg-x
2017M-0005830-R1,https://www.cruzverde.com.co/medicamentos/salud-mental/paroxetina-20mg-tableta-recubierta-caja-x-10-tabletas-amer-gen/COCV_60380.html,27753,23320,https://www.farmatodo.com.co/producto/214250232-paroxetina-20mg-ag-caja
2017M-0012354-R1,https://www.cruzverde.com.co/medicamentos/salud-mental/preludyo-75mg/COCV_101697.html,18430,18150,https://www.farmatodo.com.co/producto/1039354-preludyo-75mg-capsula
PFTI2021-0002763,https://www.cruzverde.com.co/medicamentos/salud-mental/lasea-80mg-capsulas-blandas-cajas-x-28/COCV_537347.html,81368,76500,https://www.farmatodo.com.co/producto/249250507-lasea-80mg--caja-x28
2023M-0000082-R3,https://www.cruzverde.com.co/medicamentos/salud-visual-y-auditiva/pred-f-10mgml-suspension-oftalmologica-frasco-x-5ml/COCV_20718.html,74148,72950,https://www.farmatodo.com.co/producto/1000855-pred-f-1-suspension
2021M-0013741-R1,https://www.cruzverde.com.co/medicamentos/salud-visual-y-auditiva/disalot-0.5-suspension-oftalmologica-frasco-x-5ml/COCV_118759.html,72818,68950,https://www.farmatodo.com.co/producto/1046023-disalot-05-sus
2023M-014844-R3,https://www.cruzverde.com.co/medicamentos/salud-visual-y-auditiva/albasol-liquifilm-solucion-oftalmica-frasco-x-15-ml/COCV_20003.html,37858,37300,https://www.farmatodo.com.co/producto/1000061-albasol-01-sol-oft
2023M-0011385-R2,https://www.cruzverde.com.co/medicamentos/salud-visual-y-auditiva/lumigan-rc-0.01-solucion-oftalmica-frasco-x-3ml/COCV_99411.html,28263,26950,https://www.farmatodo.com.co/producto/1036801-lumigan-rc-001-sol
2020M-0016206-R1X10,https://www.cruzverde.com.co/medicamentos/salud-visual-y-auditiva/optive-fusion-solucion-oftalmica-esteril-frasco-x-10-ml/COCV_139798.html,53438,51400,https://www.farmatodo.com.co/producto/1053438-optive-fusion-0509
2022M-0008292-R1,https://www.cruzverde.com.co/medicamentos/salud-visual-y-auditiva/tobraoftal-d-suspension-oftalmologica-mk-frasco-x-5ml/COCV_80298.html,68590,65050,https://www.farmatodo.com.co/producto/1032088-tobraoftal-d-31mg-sol
2023M-0017911-R1,https://www.cruzverde.com.co/medicamentos/salud-visual-y-auditiva/optive-fusion-ud-24-mg0.4ml0.51-solucion-oftalmica-caja-x-30-viales-x-0.4ml/COCV_156621.html,74000,66950,https://www.farmatodo.com.co/producto/211550230-optive-fusion-ud
2023M-011074-R3X15,https://www.cruzverde.com.co/medicamentos/salud-visual-y-auditiva/refresh-tears-5mgml-solucion-oftalmica-frasco-x-15-ml/COCV_20472.html,53105,46150,https://www.farmatodo.com.co/producto/1054506-oferta-refresh-tears-x
2019M-0019003,https://www.cruzverde.com.co/medicamentos/salud-visual-y-auditiva/optive-liquigel-109mgml1.00.9-solucion-oftalmica-frasco-x-10ml/COCV_168715.html,62200,59000,https://www.farmatodo.com.co/producto/217700112-optive-allergan
2023M-0001128-R2,https://www.cruzverde.com.co/medicamentos/salud-visual-y-auditiva/lagricel-ofteno-solucion-oftalmica-caja-x-20-ampolletas/COCV_159579.html,70900,68950,https://www.farmatodo.com.co/producto/200800133-lagricel-ofteno
2021M-0020584,https://www.cruzverde.com.co/medicamentos/salud-visual-y-auditiva/hialub-4mgml0.4-solucion-oftalmologica-frasco-x-10ml/COCV_546957.html,61418,59500,https://www.farmatodo.com.co/producto/257200294-hialub-solucion-oft
2021DM-0000622-R2X360,https://www.cruzverde.com.co/medicamentos/salud-visual-y-auditiva/multi-solucion-lentes-contacto-kit frasco-x-360ml--frasco-x-30ml--estuche-wasser-chemical/COCV_99876.html,61550,58200,https://www.farmatodo.com.co/producto/1003725-multi-solucion-vision
2017DM-0016556,https://www.cruzverde.com.co/medicamentos/equipos-medicos/tensiometro-digital-tipo-brazo-homelife-ref.-bsp-11-caja-x-1/COCV_400337.html,197750,170900,https://www.farmatodo.com.co/producto/216350018-tensiometro-homelife
2014DM-0011400,https://www.cruzverde.com.co/medicamentos/equipos-medicos/lancetas-thin-lancets-caja-x-100-freestyle/COCV_141895.html,59233,57150,https://www.farmatodo.com.co/producto/1052763-lancetas-free-style
2022M-0010321-R1,https://www.cruzverde.com.co/vital/ae/effient-tabletas-recubiertas-10mg-caja-x-28/COCV_125938.html,237405,232300,https://www.farmatodo.com.co/producto/220400014-effient-10mg-prasugrel
2023M-14251-R3,https://www.cruzverde.com.co/vital/ae/b-cort-bronquial-ad-200mcgdosis-aerosol-frasco-x-120-dosis/COCV_21383.html,186533,185450,https://www.farmatodo.com.co/producto/1000175-b-cort-bronquial-200mcg
2023M-0011477-R2,https://www.cruzverde.com.co/vital/ae/exforge-hct-tabletas-recubiertas-1032025mg-caja-x-28/COCV_116805.html,123975,122400,https://www.farmatodo.com.co/producto/1046217-exforge-1032025mg-caja
2021M-0003716-R2,https://www.cruzverde.com.co/vital/lp/muvett-s-tabletas-recubiertas-caja-x-60/COCV_161443.html,194038,100250,https://www.farmatodo.com.co/producto/1019180-muvetts-200120mg-cap
2016M-0016725,https://www.cruzverde.com.co/vital/qu/trulicity-1.5mg0.5ml-caja-x-4-jeringas-prellenadas-solucion-inyectable/COCV_133771.html,535088,49750,https://www.farmatodo.com.co/producto/1003686-noraver-garganta-cereza
2020M-0010347-R1,https://www.cruzverde.com.co/vital/vz/vaxiduo-ovulos-vaginales-100400mg-caja-x-7/COCV_95788.html,150433,109200,https://www.farmatodo.com.co/producto/250000185-vaxiduo-100mg400-mg
2016M-007660-R3,https://www.cruzverde.com.co/vital/vz/valcote-tabletas-de-liberacion-retardada-500mg-frasco-x-30/COCV_64074.html,74433,73950,https://www.farmatodo.com.co/producto/1016829-valcote-er-500mg-tableta
NSOC83438-18COX40,https://www.cruzverde.com.co/dermocosmeticos/proteccion-solar/photoderm-nude-touch-bioderma-tres-claire-very-light-spf50-frasco-x-40ml/COCV_386537.html,97125,95963,https://www.farmatodo.com.co/producto/1056572-protector-solar-bioderma
NSOC04354-21CO,https://www.cruzverde.com.co/dermocosmeticos/proteccion-solar/oil-control-toque-seco-tono-claro-eucerin-protector-solar-50-frasco-x-50-ml/COCV_404670.html,102075,101963,https://www.farmatodo.com.co/producto/233500065-protector-solar-eucerin
NSOC00409-20CO,https://www.cruzverde.com.co/dermocosmeticos/proteccion-solar/bioderma-photoderm-cover-touch-dorado-spf-50-protector-solar-para-piel-mixta-a-grasa-40ml/COCV_404634.html,96563,95963,https://www.farmatodo.com.co/producto/223600020-protector-solar-bioderma
NSOC00623-20CO,https://www.cruzverde.com.co/dermocosmeticos/proteccion-solar/photoderm-cover-touch-bioderma-spf50-teinte-claire-tubo-x-40gr/COCV_404633.html,96938,96713,https://www.farmatodo.com.co/producto/223600011-protector-solar-bioderma
NSOC11322-22CO,https://www.cruzverde.com.co/dermocosmeticos/cuidado-facial/sensibio-defensive-bioderma-crema-calmante-tubo-x-40ml/COCV_533998.html,97463,87465,https://www.farmatodo.com.co/producto/257600028-crema-calmante-bioderma
NSOC37651-10CO,https://www.cruzverde.com.co/dermocosmeticos/cuidado-facial/bioderma-sebium-hydra-para-piel-mixta-a-grasa-bajo-tratamientos-resecantes-con-imperfecciones-40ml/COCV_110479.html,105713,101213,https://www.farmatodo.com.co/producto/1038830-crema-bioderma-sebium
NSOC78883-17COX30,https://www.cruzverde.com.co/dermocosmeticos/cuidado-facial/mineral-89-vichy-concentrado-fortificante-y-reconstituyente-frasco-x-30ml/COCV_403130.html,165900,139950,https://www.farmatodo.com.co/producto/1056807-hidratante-para-rostro-fortalecedor-mineral-89-vichy-x-30-ml
NSOC98877-20CO,https://www.cruzverde.com.co/dermocosmeticos/cuidado-facial/bioderma-sebium-pore-refiner-crema--corrector-de-poros-dilatados-piel-mixta-a-grasa-30ml/COCV_97196.html,102375,98213,https://www.farmatodo.com.co/producto/1038832-corrector-bioderma
NSOC89204-18CO,https://www.cruzverde.com.co/dermocosmeticos/cuidado-facial/bioderma-sensibio-eye-gel-contorno-de-ojos-15ml/COCV_80931.html,116963,109165,https://www.farmatodo.com.co/producto/1036469-gel-bioderma-sensibio
NSOC96327-19CO,https://www.cruzverde.com.co/dermocosmeticos/cuidado-facial/pigmentbio-foaming-cream-bioderma-limpiador-exfoliante-aclarador-tubo-x-200ml/COCV_532666.html,105338,95865,https://www.farmatodo.com.co/producto/218200081-pigmentbio-foaming-cream
NSOC95665-19CO,https://www.cruzverde.com.co/dermocosmeticos/cuidado-facial/pigmentbio-c-concentrate-bioderma-frasco-x-15ml/COCV_393031.html,146250,133665,https://www.farmatodo.com.co/producto/218200101-pigmentbio-c-concentrate
NSOC70408-16CO,https://www.cruzverde.com.co/dermocosmeticos/cuidado-facial/bioderma-hydrabio-crema-hidratante-para-piel-deshidratada-50ml/COCV_386107.html,102675,85768,https://www.farmatodo.com.co/producto/1051686-crema-facial-bioderma-hydrabio-creme-frasco-x-50-ml
NSOC40222-10CO,https://www.cruzverde.com.co/dermocosmeticos/cuidado-facial/sensibio-h2o-bioderma-desmaquillante-frasco-x-500ml/COCV_260658.html,123450,114065,https://www.farmatodo.com.co/producto/1038828-solucion-bioderma
NSOC06454-21CO,https://www.cruzverde.com.co/dermocosmeticos/cuidado-facial/mascarilla-detox-dhems--limon-and-menta-tub-x-75ml/COCV_566055.html,27550,21713,https://www.farmatodo.com.co/producto/256050132-mascarilla-facial-dhems
NSOC19154-06COX453,https://www.cruzverde.com.co/dermocosmeticos/cuidado-corporal/crema-hidratante-cetaphil-pote-x-453gr/COCV_54143.html,105975,104213,https://www.farmatodo.com.co/producto/1022469-crema-humectante
NSOC99820-20CO,https://www.cruzverde.com.co/dermocosmeticos/cuidado-corporal/gel-de-bano-germisdin-hygiene-and-protection-frasco-x-500ml/COCV_386296.html,64163,56058,https://www.farmatodo.com.co/producto/220550039-gel-de-bano-original
NSOC01548-20COX30,https://www.cruzverde.com.co/cuidado-personal/cuidado-piel/nivea-cellular-luminous-anti-manchas-serum-frasco-x-30ml/COCV_387790.html,60255,59118,https://www.farmatodo.com.co/producto/223300019-nivea-serum-facial-anti-manchas-cellular-luminous-630-30ml
NSOC36786-10COX1000,https://www.cruzverde.com.co/belleza/cremascorporales/nivea-crema-corporal-reafirmante-q10--vitamina-c-frasco-x-1000ml/COCV_113457.html,47600,46165,https://www.farmatodo.com.co/producto/1043755-crema-nivea-corporal
NSOC90086-18COX400,https://www.cruzverde.com.co/belleza/cuidadofacial/agua-micelar-con-agua-de-rosas-nivea-frasco-x-400ml-todo-tipo-de-piel/COCV_386523.html,23240,23065,https://www.farmatodo.com.co/producto/207250040-agua-micelar-nivea-face
NSOC04022-21COX100,https://www.cruzverde.com.co/cuidado-personal/cuidado-piel/facial-hyaluron-gel-nivea-refrescante-hidratante-frasco-x-100ml/COCV_531887.html,25970,25165,https://www.farmatodo.com.co/producto/230550067-gel-nivea-cuidado-facial
NSOC40025-10COX400,https://www.cruzverde.com.co/belleza/cremascorporales/lubriderm-reparacion-intensiva-crema-frasco-x-400-ml/COCV_168413.html,38718,35160,https://www.farmatodo.com.co/producto/1032372-crema-lubriderm
NSOC34046-18PEX473,https://www.cruzverde.com.co/belleza/cremascorporales/cerave-moisturising-locion-hidratante-para-piel-seca-a-muy-seca-frasco-x-473ml/COCV_291911.html,94098,83960,https://www.farmatodo.com.co/producto/237150082-locion-hidratante-cerave-x-473-ml
NSOC34046-18PEX236,https://www.cruzverde.com.co/belleza/cremascorporales/cerave-moisturising-locion-hidratante-frasco-x-236ml-para-piel-seca-a-muy-seca/COCV_291913.html,67735,60760,https://www.farmatodo.com.co/producto/237150074-locion-hidratante-cerave-x-236-ml
NSOC34301-18PEX454,https://www.cruzverde.com.co/belleza/cremascorporales/cerave-moisturising-crema-gel-hidratante-pote-x-454-g-piel-seca-a-muy-seca/COCV_291936.html,96900,82360,https://www.farmatodo.com.co/producto/237200060-crema-hidratante-cerave-x-454-gr
NSOC34301-18PEX170,https://www.cruzverde.com.co/belleza/cremascorporales/crema-hidratante-para-piel-seca-a-muy-seca-tubo-x-170g/COCV_404631.html,59090,48760,https://www.farmatodo.com.co/producto/237150058-crema-hidratante-cerave-x-170-gr
NSOC40043-10COX200,https://www.cruzverde.com.co/belleza/cremascorporales/lubriderm-uv-15-protector-solar-frasco-x-200ml/COCV_73614.html,23640,23160,https://www.farmatodo.com.co/producto/1015664-crema-lubriderm
NSOC34996-09C,https://www.cruzverde.com.co/cuidado-personal/cuidado-piel/gelclin-plus-locion-frasco-x-250ml/COCV_86291.html,87258,65880,https://www.farmatodo.com.co/producto/1034482-gel-gelclin-plus
NSOC09055-21CO,https://www.cruzverde.com.co/cuidado-personal/cuidado-piel/sunface-aqua-color-spf50-frasco-x-55gr/COCV_543265.html,125400,102000,https://www.farmatodo.com.co/producto/296500548-fotoprotector-solar
NSOC02849-96COX400,https://www.cruzverde.com.co/belleza/cremascorporales/crema--piel-normal-extra-humectante-lubriderm-frasco-x-400-ml/COCV_168411.html,31680,27960,https://www.farmatodo.com.co/producto/293400592-crema-lubriderm
NSOC03202-20COX200,https://www.cruzverde.com.co/belleza/cremascorporales/crema-nivea-pote-x-200ml/COCV_553200.html,40000,38360,https://www.farmatodo.com.co/producto/275100561-crema-nivea-creme-frasco
NSOC16675-22CO,https://www.cruzverde.com.co/cuidado-personal/cuidado-piel/protector-solar-tanga-100spf-dermo-testeado-frasco-x-130ml/COCV_549079.html,65455,55160,https://www.farmatodo.com.co/producto/273100891-bloqueador-tanga-adulto
NSOC16639-22CO,https://www.cruzverde.com.co/cuidado-personal/cuidado-piel/protector-solar-tanga-spf70-dermo-testeado-frasco-x-220ml/COCV_549527.html,67783,56760,https://www.farmatodo.com.co/producto/273100904-bloqueador-tanga-crema
NSOC36786-10COX625,https://www.cruzverde.com.co/cuidado-personal/cuidado-piel/crema-corporal-nivea-q10-reafirmante-vitamina-c-frasco-x-625ml/COCV_394487.html,39165,38465,https://www.farmatodo.com.co/producto/1061493-crema-corporal-nivea
NSOC02849-96COX120,https://www.cruzverde.com.co/belleza/cremascorporales/crema-extra-humectante-lubriderm-frasco-x-120-ml-piel-normal/COCV_168410.html,13080,11480,https://www.farmatodo.com.co/producto/293400568-crema-lubriderm
NSOC16718-22CO,https://www.cruzverde.com.co/cuidado-personal/cuidado-piel/protector-solar-baby-tanga-spf100-tubo-x-120ml/COCV_549338.html,48403,40760,https://www.farmatodo.com.co/producto/273101114-bloqueador-tanga-baby
NSOC16785-22CO,https://www.cruzverde.com.co/cuidado-personal/cuidado-piel/protector-solar-facial-tanga-60spf-frasco-x-50ml/COCV_549336.html,41563,34360,https://www.farmatodo.com.co/producto/273101157-bloqueador-facial-tanga
NSOC63044-14CO,https://www.cruzverde.com.co/cuidado-personal/cuidado-piel/protector-solar-continuous-tanga-spf-fps-50-dermo-testeado-frasco-x-175ml/COCV_548968.html,53248,43960,https://www.farmatodo.com.co/producto/273101093-bloqueador-tanga
NSOC16871-22CO,https://www.cruzverde.com.co/cuidado-personal/cuidado-piel/gel-bronceador-tanga-2spf-dermo-testeado-tubo-x-200ml/COCV_549331.html,37050,31960,https://www.farmatodo.com.co/producto/273150928-bronceador-tanga-gel-spf
NSOC16781-22CO,https://www.cruzverde.com.co/cuidado-personal/cuidado-piel/aceite-bronceador-tanga-spf4-dermotesteado-frasco-x-185ml/COCV_550598.html,38190,32760,https://www.farmatodo.com.co/producto/273150910-bronceador-tanga-aceite
NSOC16595-22COX220,https://www.cruzverde.com.co/cuidado-personal/cuidado-piel/crema-bronceadora-tanga-4spf-dermo-testeado-frasco-x-220ml/COCV_549330.html,45030,36760,https://www.farmatodo.com.co/producto/273101368-bronceador-tanga-crema
NSOC16595-22COX85,https://www.cruzverde.com.co/cuidado-personal/cuidado-piel/crema-bronceadora-tanga-4spf-baja-proteccion-uvb-frasco-x-85ml/COCV_558174.html,20520,18360,https://www.farmatodo.com.co/producto/280050626-bronceador-tanga-crema
NSOC69260-15CO,https://www.cruzverde.com.co/cuidado-personal/higiene-oral/colgate-periogard-frasco-x-2000ml/COCV_527960.html,59115,33950,https://www.farmatodo.com.co/producto/1034537-enjuague-bucal-colgate-periogard-encias-saludables-250-ml
NSOC72336-16COX3,https://www.cruzverde.com.co/cuidado-personal/higiene-oral/crema-dental-econopack-triple-accion-menta-original-caja-x-3-tubos-x-100-ml/COCV_148016.html,19915,16240,https://www.farmatodo.com.co/producto/1032541-crema-dental-colgate-triple-accion-75-ml-x-3
NSOC13178-22CO,https://www.cruzverde.com.co/cuidado-personal/higiene-oral/crema-dental-sensodyne-proteccion-completa-tubo-x-90gr/COCV_544133.html,18525,13950,https://www.farmatodo.com.co/producto/206350129-crema-dental-sensodyne
2017DM-0016985X1,https://www.cruzverde.com.co/cuidado-personal/higiene-oral/gum-timer-light-ninos-cepillo-dental-ref-202-sobre-x-1-und./COCV_78185.html,24520,17950,https://www.farmatodo.com.co/producto/256100110-cepillo-dental-gum
NSOC00932-20CO,https://www.cruzverde.com.co/cuidado-personal/higiene-personal/desodorante-no-sweat-forte-frasco-x-30ml/COCV_130909.html,44888,43950,https://www.farmatodo.com.co/producto/219400025-antitranspirante-no
NSOC13711-22CO,https://www.cruzverde.com.co/cuidado-personal/higiene-personal/promo-roll-on-desodorante-nivea-tono-natural-paquete-x-2-frasco-x-50ml/COCV_558312.html,27265,13560,https://www.farmatodo.com.co/producto/265550112-desodorante-nivea-clinical-tono-natural-roll-on-x-50-ml
NSOC00037-20CO,https://www.cruzverde.com.co/cuidado-personal/higiene-personal/jabon-liquido-palmolive-suavidad-natural-frasco-x-390ml/COCV_555630.html,19285,16160,https://www.farmatodo.com.co/producto/266150153-jabon-liquido-corporal-palmolive-naturals-cereza-y-coco-x-390-ml
NSOC13741-04CO,https://www.cruzverde.com.co/cuidado-personal/higiene-personal/jabon-exfoliacion-diaria-palmolive-naturals-avena-y-azucar-morena-paquete-x-3barra-x-110gr/COCV_548911.html,8260,2800,https://www.farmatodo.com.co/producto/279450462-jabon-en-barra-palmolive-avena-y-azucar-morena-de-x-110-gr
NSOC03345-22EC,https://www.cruzverde.com.co/cuidado-personal/higiene-personal/desodorante-roll-on-dove-tono-uniforme-72h-frasco-x-50ml/COCV_558337.html,14060,10875,https://www.farmatodo.com.co/producto/291950831-desodorante-dove-ap
NSOC03499-22EC,https://www.cruzverde.com.co/cuidado-personal/higiene-personal/desodorante-dove-tono-uniforme-72h-barra-x-45gr/COCV_558315.html,25128,20213,https://www.farmatodo.com.co/producto/291950814-desodorante-en-barra-dove-ap-orquidea-tono-uniforme-frasco-x-45-gr
NSOC22009-23CO,https://www.cruzverde.com.co/cuidado-personal/higiene-personal/desodorante-en-barra-nivea-tono-natural-clinical-96h-frasco-x-50ml/COCV_558842.html,24605,20400,https://www.farmatodo.com.co/producto/292750507-desodorante-en-barra-nivea-clinical-tono-natural-x-50-ml
NSOC93648-19CO,https://www.cruzverde.com.co/cuidado-personal/higiene-personal/desodorante-men-deep-nivea-black-carbon-48h-aerosol-frasco-x-150ml/COCV_384011.html,23798,19520,https://www.farmatodo.com.co/producto/202500193-desodorante-nivea-deep
NSOC59663-14CO,https://www.cruzverde.com.co/cuidado-personal/higiene-personal/nivea-aclarado-efecto-satin-desodorante-frasco-x-150-ml-aerosol/COCV_124788.html,23655,18960,https://www.farmatodo.com.co/producto/1047496-antitranspirante-nivea
NSOC99608-20CO,https://www.cruzverde.com.co/cuidado-personal/higiene-personal/jabon-en-barra-protex-avena--prebiotico-paquete-x-6barra-x-110gr/COCV_558779.html,16415,5950,https://www.farmatodo.com.co/producto/279400529-jabon-antibacterial-protex-avena-barra-empaque-x-110-gr
NSOC99603-20CO,https://www.cruzverde.com.co/cuidado-personal/higiene-personal/desodorante-nivea-men-black-and-withe-frasco-x-150ml/COCV_529814.html,23988,19520,https://www.farmatodo.com.co/producto/218900028-desodorante-nivea-men
NSOC99042-20CO,https://www.cruzverde.com.co/cuidado-personal/higiene-personal/desodorante-yodora-hombre-promo-especial-paquete-x-2-frasco-x-53gr/COCV_555363.html,19390,16950,https://www.farmatodo.com.co/producto/231450017-desodorante-yodora
NSOC37837-18PEX350,https://www.cruzverde.com.co/cuidado-personal/cuidado-del-cabello/mascarilla-fructis-hair-food-garnier-coco-reparacion-pot-x-350ml/COCV_292819.html,27240,23765,https://www.farmatodo.com.co/producto/264100128-tratamiento-fructis-hair
NSOC29762-08CO,https://www.cruzverde.com.co/cuidado-personal/cuidado-del-cabello/shampoo-johnson-s-baby-hidratacion-intensa-frasco-x-400ml/COCV_295759.html,25080,20880,https://www.farmatodo.com.co/producto/105111866-shampoo-johnson-baby
NSOC59535-14CO,https://www.cruzverde.com.co/cuidado-personal/cuidado-del-cabello/acondicionador-johnson-s-baby-gotas-de-brillo-frasco-x-400ml/COCV_295764.html,23465,20880,https://www.farmatodo.com.co/producto/105111911-acondicionador-johnson
RSA-0010315-2020,https://www.cruzverde.com.co/bebe-y-maternidad/alimentacion-y-lactancia/formula-infantil-similac-neosure-polvo-370-gr/COCV_100466.html,91050,90450,https://www.farmatodo.com.co/producto/1037373-formula-infantil-similac-prematuros
RSA-006275-2018,https://www.cruzverde.com.co/bebe-y-maternidad/alimentacion-y-lactancia/ensure-vainilla-polvo-900-gr/COCV_109255.html,142358,75300,https://www.farmatodo.com.co/producto/1017009-ensure-vainilla-x400g
NSOA01568-23COX30,https://www.cruzverde.com.co/bebe-y-maternidad/panales-y-toallitas-humedas/panal-winny-gold-paquete-x-30-und-etapa-6-xxxg/COCV_567648.html,52658,38520,https://www.farmatodo.com.co/producto/209700323-panal-winny-gold-etapa-3-g-paquete-x-30-und
NSOC34661-09CO,https://www.cruzverde.com.co/bebe-y-maternidad/panales-y-toallitas-humedas/desitin-creamy-crema-tubo-x-57-gr/COCV_85576.html,24985,24950,https://www.farmatodo.com.co/producto/1034142-desitincreamy-x-57-gr
NSOA07478-18COX,https://www.cruzverde.com.co/bebe-y-maternidad/panales-y-toallitas-humedas/panal-huggies-natural-care-xtra-care-xxg-paquete-x-50/COCV_541252.html,95095,74500,https://www.farmatodo.com.co/producto/202500353-panales-huggies-natural
NSOC03108-20CO,https://www.cruzverde.com.co/bebe-y-maternidad/hora-del-bano/toallitas-humedas-mega-promo-huggies-paquete-x-3-bolsas-x-96-und/COCV_141861.html,31500,27700,https://www.farmatodo.com.co/producto/291500493-toallas-humedas-huggies-limpieza-efectiva-paquete-x-192-und
NSOC11630-04CO,https://www.cruzverde.com.co/bebe-y-maternidad/hora-del-bano/jhonson´s-jabon-cremoso-baby-original-paquete-x-3bar-x-110g/COCV_164878.html,13965,12198,https://www.farmatodo.com.co/producto/207600020-jabon-cremoso-johnsons-original-x-3-110-gr
NSOC58065-14CO,https://www.cruzverde.com.co/bebe-y-maternidad/hora-del-bano/jabon-liquido-recien-nacido-liq-johnson-s-baby-frasco-x-200ml/COCV_124797.html,20853,16800,https://www.farmatodo.com.co/producto/105111823-bano-liquido-johnsons-recien-nacido-x-200-ml
NSOC11626-04CO,https://www.cruzverde.com.co/bebe-y-maternidad/hora-del-bano/jabon-cremoso-jhonsons-baby-paquete-x-3barra-x-110-g/COCV_165021.html,13823,12198,https://www.farmatodo.com.co/producto/207600054-jabon-johnsons-baby-en
NSOC19365-06CO,https://www.cruzverde.com.co/bebe-y-maternidad/hora-del-bano/jabon-cremoso-avena-jhonsons-bebe-paquete-x-3barras-x-110g/COCV_164877.html,13823,12198,https://www.farmatodo.com.co/producto/207600038-jabon-johnsons-baby-en
NSOC59536-14CO,https://www.cruzverde.com.co/bebe-y-maternidad/hora-del-bano/shampoo-johnson-s-gotas-de-brillo-frasco-x-750ml/COCV_295762.html,38048,30480,https://www.farmatodo.com.co/producto/105612003-shampoo-johnsons-gotas-de-brillo-x-750-ml
2019M-0019511,https://www.cruzverde.com.co/bienestar-y-nutricion/vitaminas-y-minerales/gynets-4mg-tabletas-recubiertas-caja-x-28/COCV_386639.html,41800,41150,https://www.farmatodo.com.co/producto/213150109-gynets-abbott-4mg
2020M-0019961,https://www.cruzverde.com.co/bienestar-y-nutricion/vitaminas-y-minerales/lenzetto-1.53mgdosis-soluciontopica-frasco-x-8.1ml/COCV_393596.html,147535,143950,https://www.farmatodo.com.co/producto/227000232-lenzetto-153-mgdosis
2007M-0007263-R2X10,https://www.cruzverde.com.co/bienestar-y-nutricion/vitaminas-y-minerales/tiamina-300mg-tabletas-blister-x-10-tabletas-ecar/COCV_17939.html,2385,2150,https://www.farmatodo.com.co/producto/1004132-fraccion-tiamina-ecar
2022M-0017880-R1,https://www.cruzverde.com.co/bienestar-y-nutricion/vitaminas-y-minerales/histotal-caja-x-4-ampollas-solucion-oral/COCV_156952.html,66690,64300,https://www.farmatodo.com.co/producto/210350121-histotal-euroetika
2008M-0008375,https://www.cruzverde.com.co/bienestar-y-nutricion/vitaminas-y-minerales/nuvaring-2.711.7mg-caja-x-1-anillo-sistema-liberacion-vaginal/COCV_80806.html,93148,86950,https://www.farmatodo.com.co/producto/1032569-nuvaring-11727mg
SD2017-0004000X30,https://www.cruzverde.com.co/bienestar-y-nutricion/vitaminas-y-minerales/bion3-tableta-recubierta-frasco-x-30/COCV_121952.html,43320,42950,https://www.farmatodo.com.co/producto/1048295-bion3-tabletas-caja
NSA-000527-2016X240,https://www.cruzverde.com.co/medicamentos/salud-digestiva/apetifort-5-ml-11-en-alcohol-al-25-jarabe-natural-freshly-frasco-x-240ml/COCV_54347.html,36405,35950,https://www.farmatodo.com.co/producto/1026988-apetifort-chicle-cereza
SD2016-0003961X60,https://www.cruzverde.com.co/bienestar-y-nutricion/suplementos-dietarios/tricovit-tableta-caja-x-60/COCV_53177.html,172378,162050,https://www.farmatodo.com.co/producto/1017107-tricovit-tabletas-caja
SD2015-0003671,https://www.cruzverde.com.co/bienestar-y-nutricion/suplementos-dietarios/vivera-5-billones-ufc-caja-x-8-sobres-x-2gr-cu-polvo-suspension-oral/COCV_133940.html,71900,60188,https://www.farmatodo.com.co/producto/1050452-vivera-baliv-sobres
SD2011-0002197X30,https://www.cruzverde.com.co/medicamentos/salud-digestiva/multiflora-plus-capsulas-via-oral-caja-x-30/COCV_113857.html,158793,158175,https://www.farmatodo.com.co/producto/1053272-multiflora-plus-1x10
SD2022-0004656,https://www.cruzverde.com.co/bienestar-y-nutricion/suplementos-dietarios/entero-balance-heel-suplemento-dietario-caja-x10sobx5.55gr/COCV_548391.html,81843,80250,https://www.farmatodo.com.co/producto/266200190-mediobiotix-entero-balance-heel-caja-x-10-sobres
RSA-001179-2016X868,https://www.cruzverde.com.co/bienestar-y-nutricion/deporte/prowhey-net-polvo-vainilla-lata-x-868-gr/COCV_140223.html,133280,124760,https://www.farmatodo.com.co/producto/106811856-prowhey-net-sabor
RSA-0013455-2021X600,https://www.cruzverde.com.co/nutricion-deportiva-y-saludable/todos/going-proteina-tarro-x-600gr-vainilla/COCV_547292.html,173518,161145,https://www.farmatodo.com.co/producto/250900028-proteina-going-sabor
2008M-0008373,https://www.cruzverde.com.co/salud-sexual/tratamiento-testosterona/tamsulosina-winthrop-0.4mg-caja-x-30-capsulas-liberacion-prolongada/COCV_80479.html,54720,34125,https://www.farmatodo.com.co/producto/1038618-tamsulosina-clorhidrato
NSOC56377-13COX50,https://www.cruzverde.com.co/belleza/coloracion/oxigenta-20-volumenes-igora-frasco-x-50ml/COCV_132270.html,4970,3950,https://www.farmatodo.com.co/producto/297150631-locion-oxigenta-palette
NSOC56379-13CO,https://www.cruzverde.com.co/belleza/coloracion/oxigenta-locion-reveladora-cremosa-30-vol-9-igora-frasco-x-50ml/COCV_132414.html,4305,3950,https://www.farmatodo.com.co/producto/297200715-locion-oxigenta-palette
NSOC03202-20COX100,https://www.cruzverde.com.co/cuidado-personal/cuidado-piel/crema-nivea-pote-x-100ml/COCV_548334.html,26360,25560,https://www.farmatodo.com.co/producto/275100553-crema-nivea-creme-frasco
NSOC42530-19PE,https://www.cruzverde.com.co/belleza/cremascorporales/cerave-crema-reparadora-para-manos-extremadamente-secas-tubo-x-50ml/COCV_299254.html,36813,30360,https://www.farmatodo.com.co/producto/237150031-crema-reparadora-de-manos-cerave-x-50-ml
NSOC42869-19PE,https://www.cruzverde.com.co/belleza/cremascorporales/cerave-crema-alisadora-anti-rugosidades-pote-x-340gr/COCV_300616.html,113335,93560,https://www.farmatodo.com.co/producto/268851130-crema-alisadora-cerave
NSOC36786-10CO,https://www.cruzverde.com.co/belleza/cremascorporales/crema-corporal-nivea-q10-reafirmante-vitamina-c-frasco-x-625ml/COCV_394487.html,39165,31465,https://www.farmatodo.com.co/producto/1010950-crema-nivea-corporal
NSOC40025-10COX200,https://www.cruzverde.com.co/cuidado-personal/cuidado-piel/crema-reparacion-intensiva-lubriderm-frasco-x-200ml/COCV_83780.html,23360,23160,https://www.farmatodo.com.co/producto/212800317-crema-lubriderm
NSOC81024-17COX400,https://www.cruzverde.com.co/belleza/cremascorporales/lubriderm-prevencion-fps30-crema-frasco-x-400ml/COCV_155949.html,46708,42360,https://www.farmatodo.com.co/producto/1056975-crema-lubriderm
NSOC02849-96COX946,https://www.cruzverde.com.co/belleza/cremascorporales/lubriderm-extra-humectante-frasco-x-946ml-piel-normal/COCV_142339.html,48365,46360,https://www.farmatodo.com.co/producto/291550571-crema-humectante
NSOC40025-10CO,https://www.cruzverde.com.co/belleza/cremascorporales/crema-con-valvula-lubriderm-frasco-x-750-ml-reparacion-intensiva/COCV_168412.html,54188,35160,https://www.farmatodo.com.co/producto/1032372-crema-lubriderm
NSOC56368-13CO,https://www.cruzverde.com.co/belleza/cuidadocapilar/shampoo-nourishing-ogx-coconut-milk-frasco-x-385ml/COCV_553832.html,49105,48125,https://www.farmatodo.com.co/producto/1046894-shampoo-ogx-nourishing
NSOC15551-22CO,https://www.cruzverde.com.co/belleza/cuidadocapilar/shampoo-fructis-hair-food-garnier-manteca-de-cacao-frasco-x-300ml/COCV_544278.html,25968,20965,https://www.farmatodo.com.co/producto/268100272-shampoo-fructis-hair-food-cacao-x-300-ml
NSOC15536-22CO,https://www.cruzverde.com.co/belleza/cuidadocapilar/acondicionador-fructis-hair-food-garnier-manteca-de-cacao-frasco-x-300ml/COCV_544279.html,26080,22365,https://www.farmatodo.com.co/producto/268200361-acondicionador-fructis-hair-food-cacao-x-300-ml
NSOC15552-22CO,https://www.cruzverde.com.co/belleza/cuidadocapilar/mascarilla-fructis-hair-food-garnier-manteca-de-cacao-pot-x-350ml/COCV_544448.html,30303,24465,https://www.farmatodo.com.co/producto/268200370-mascarilla-fructis-hair-food-cacao-x-350-ml
NSOC37694-18PE,https://www.cruzverde.com.co/belleza/cuidadocapilar/mascarilla-fructis-hair-food-garnier-aguacate-nutricion-pote-x-350ml/COCV_292811.html,29453,23765,https://www.farmatodo.com.co/producto/264100110-tratamiento-fructis-hair
NSOC42392-19PE,https://www.cruzverde.com.co/belleza/cuidadocapilar/acondicionador--fructis-hair-food-garnier-coco-reparacion-frasco-x-300ml/COCV_296552.html,29453,24465,https://www.farmatodo.com.co/producto/269600834-tratamiento-fructis-hair-food-aloe-x-350-ml
NSOC45874-20PE,https://www.cruzverde.com.co/belleza/cuidadocapilar/shampoo-fructis-hair-food-garnier-coco-reparacion-frasco-x-300ml/COCV_300302.html,24480,21665,https://www.farmatodo.com.co/producto/264100064-shampoo-fructis-hair
NSOC45928-20PE,https://www.cruzverde.com.co/belleza/cuidadocapilar/shampoo-fructis-hair-food-garnier-aguacate-nutricion-frasco-x-300ml/COCV_300008.html,25968,20965,https://www.farmatodo.com.co/producto/264100056-shampoo-fructis-hair
NSOC45903-20PE,https://www.cruzverde.com.co/belleza/cuidadocapilar/acondicionador-fructis-hair-food-garnier-aguacate-nutricion-frasco-x-300ml/COCV_300009.html,24480,21665,https://www.farmatodo.com.co/producto/264100081-acondicionador-fructis
NSOC48980-21PE,https://www.cruzverde.com.co/belleza/cuidadocapilar/shampoo-fructis-hair-food-garnier-sandia-revitalizante-frasco-x-300ml/COCV_398262.html,25968,20965,https://www.farmatodo.com.co/producto/264100048-shampoo-fructis-hair
NSOC48872-21PE,https://www.cruzverde.com.co/belleza/cuidadocapilar/acondicionador-fructis-hair-food-garnier-sandia-revitalizante-frasco-x-300ml/COCV_398265.html,24080,20965,https://www.farmatodo.com.co/producto/264100072-acondicionador-fructis
NSOC48913-21PE,https://www.cruzverde.com.co/belleza/cuidadocapilar/mascarilla-fructis-hair-food-garnier-sandia-revitalizante-pot-x-350ml/COCV_398263.html,29368,24465,https://www.farmatodo.com.co/producto/264100101-tratamiento-fructis-hair
NSOC11790-22COX510,https://www.cruzverde.com.co/belleza/cuidadocapilar/shampoo-anticaspa-te-verde-seda-liquida-y-sabila--savital-frasco-x-510ml/COCV_537960.html,16490,14963,https://www.farmatodo.com.co/producto/276550652-shampoo-savital
NSOC34296-18PEX236,https://www.cruzverde.com.co/belleza/cuidadofacial/gel-limpiador-cerave-espumoso-para-piel-normal-a-grasa-frasco-x-236ml/COCV_291935.html,52160,51120,https://www.farmatodo.com.co/producto/299000493-gel-limpiador-espumoso
NSOC50739-21PE,https://www.cruzverde.com.co/belleza/cuidadofacial/crema-reparadora-cerave-contorno-de-ojos-frasco-x-14ml/COCV_291937.html,47213,44760,https://www.farmatodo.com.co/producto/280950501-crema-contorno-de-ojos
NSOC34338-18PE,https://www.cruzverde.com.co/belleza/cuidadofacial/locion-hidratante-cerave-de-rostro-frasco-x-52ml/COCV_292227.html,58800,54360,https://www.farmatodo.com.co/producto/281350612-locion-facial-cerave
NSOC42868-19PE,https://www.cruzverde.com.co/belleza/cuidadofacial/cerave-limpiador-anti-rugosidades-sin-perfume-frasco-x-236ml/COCV_300617.html,55480,54360,https://www.farmatodo.com.co/producto/268851156-limpiador-cerave
NSOC15414-22CO,https://www.cruzverde.com.co/belleza/cuidadofacial/locion-hidratante-de-rostro-cerave-para-piel-normal-a-seca-frasco-x-52ml/COCV_547475.html,66563,61560,https://www.farmatodo.com.co/producto/237200086-crema-hidratante-facial-cerave-x-52-ml
NSOC57599-23PE,https://www.cruzverde.com.co/belleza/cuidadofacial/serum-loreal-paris-retinol-arrugas-profunidadas-noche-frasco-x-30ml/COCV_541174.html,78320,76760,https://www.farmatodo.com.co/producto/270351396-serum-loreal-paris
NSOC46381-12COX50,https://www.cruzverde.com.co/belleza/cuidadofacial/crema-nivea-plus-visage-q10-dia-pote-x-50ml/COCV_38823.html,37830,37668,https://www.farmatodo.com.co/producto/1005927-crema-nivea-visage-q10
NSOC46383-12COX50,https://www.cruzverde.com.co/belleza/cuidadofacial/crem-antiarrugas-q10-plus-noche-nivea-visage-pote-x-50-ml/COCV_79474.html,37668,36953,https://www.farmatodo.com.co/producto/1005924-crema-nivea-q10
NSOC57548-14COX50,https://www.cruzverde.com.co/belleza/cuidadofacial/crema-facial-nivea-celular-antiedad-dia-fps-30-pote-x-50-ml/COCV_125835.html,51383,50668,https://www.farmatodo.com.co/producto/1046560-crema-nivea-facial
NSOC90086-18COX100,https://www.cruzverde.com.co/cuidado-personal/cuidado-piel/agua-micelar-de-rosas-nivea-desmaquillante-frasco-x-100ml/COCV_558113.html,10850,10465,https://www.farmatodo.com.co/producto/242250117-agua-micelar-nivea-face
NSOC01504-20CO,https://www.cruzverde.com.co/belleza/cuidadofacial/nivea-cellular-luminous-anti-manchas-fps50-frasco-x-40ml/COCV_387789.html,52748,51968,https://www.farmatodo.com.co/producto/223300027-nivea-crema-anti-manchas-facial-dia-fps50-cellular-luminous-630-40ml
NSOC78716-17COX100,https://www.cruzverde.com.co/belleza/cuidadofacial/crema-facial-nivea-pote-x-100gr-nutritiva/COCV_141201.html,17080,16765,https://www.farmatodo.com.co/producto/1054604-crema-nivea
NSOC81774-17CO,https://www.cruzverde.com.co/belleza/cuidadofacial/agua-micelar-desmaquillante-todo-en-1-skinactive-frasco-x-400ml/COCV_163587.html,21150,11950,https://www.farmatodo.com.co/producto/208300053-agua-micelar-garnier-todo-en-1-100-ml
NSOC37613-10COX35,https://www.cruzverde.com.co/belleza/maquillaje/removedor-tradicional-lander-frasco-x-35ml/COCV_131007.html,5463,4950,https://www.farmatodo.com.co/producto/1012793-quitaesmalte-removedor
NSOC53360-22PE,https://www.cruzverde.com.co/belleza/maquillaje/polvo-compacto-maybelline-118-fit-me-lata-x-9gr/COCV_565975.html,71013,70950,https://www.farmatodo.com.co/producto/270700787-base-compacta-fit-me
NSOC16277-22COX30,https://www.cruzverde.com.co/belleza/maquillaje/base-liquida-maybelline-2.5-fit-me-fresh-tint-spf50v-c-frasco-x-30ml/COCV_565977.html,41943,41900,https://www.farmatodo.com.co/producto/204900115-base-liquida-maybelline
NSOC95811-19COX1,https://www.cruzverde.com.co/belleza/maquillaje/labial-en-gel-ruby-rose-tinta-caja-x-1frasco-x-5.5ml-pitaya-pool/COCV_564956.html,18275,14950,https://www.farmatodo.com.co/producto/291950769-brillo-labial-melu-uva-verde-4-ml-x-1-und
NSOC76698-17CO,https://www.cruzverde.com.co/belleza/maquillaje/esmalte-efecto-gel---vogue-frasco-x-14ml-brillo-diamante/COCV_143417.html,8890,7960,https://www.farmatodo.com.co/producto/1053835-brillo-vogue-efecto
NSOC64661-15CO,https://www.cruzverde.com.co/belleza/maquillaje/labial-en-barrara-maybelline-382-color-sensational-barra-x-4.2gr-red-for-me/COCV_546080.html,48925,41560,https://www.farmatodo.com.co/producto/1050573-labial-maybelline
NSOC00635-22ECX42,https://www.cruzverde.com.co/belleza/maquillaje/labial-liquido-maybelline-50-super-stay-vinyl-ink-frasco-x-4.2ml-wicked/COCV_537560.html,63983,51160,https://www.farmatodo.com.co/producto/204550207-labial-liquido
NSOC12355-22COX135,https://www.cruzverde.com.co/belleza/maquillaje/esmalte-para-unas-masglo-nieve-frasco-x-13.5ml/COCV_116093.html,10118,9950,https://www.farmatodo.com.co/producto/1049917-esmalte-masglo-belleza
NSOC64106-24PEX35,https://www.cruzverde.com.co/belleza/maquillaje/base-liquida-maybelline-340super-stayup-to30h-lumi-mat-frasco-x-35ml/COCV_559180.html,75905,75900,https://www.farmatodo.com.co/producto/204450071-base-liquida-maybelline
NSOC12355-22CO,https://www.cruzverde.com.co/belleza/maquillaje/esmalte---masglo-frasco-x-13.5ml---color-diva/COCV_141339.html,10118,9950,https://www.farmatodo.com.co/producto/1042017-esmalte-masglo-belleza
NSOC74776-16COX14,https://www.cruzverde.com.co/belleza/maquillaje/esmalte-efecto-gel---vogue-frasco-x-14ml-voluntad/COCV_143424.html,8890,6880,https://www.farmatodo.com.co/producto/215700160-esmalte-vogue-efecto-gel
NSOC65014-15COX50,https://www.cruzverde.com.co/belleza/prevencionsolar/bloqueador-nivea-sun-protect-and-ligth-feeling-fps-50-frasco-x-50ml/COCV_132771.html,31185,30765,https://www.farmatodo.com.co/producto/1048995-protector-solar-nivea
NSOC49511-12COX125,https://www.cruzverde.com.co/belleza/prevencionsolar/protector-solar-kids-sensitive-nivea-sun-fps-60-frasco-x-125ml/COCV_132734.html,45675,42665,https://www.farmatodo.com.co/producto/1042858-protector-solar-nivea
NSOC25511-07COX125,https://www.cruzverde.com.co/belleza/prevencionsolar/protector-solar-piel-sensible-nivea-sun-fps-60-frasco-x-125ml/COCV_148888.html,45325,44765,https://www.farmatodo.com.co/producto/1018647-protector-solar--nivea
NSOC70289-16CO,https://www.cruzverde.com.co/belleza/prevencionsolar/bronceador-en-spray-nivea-sun-fps-6-dorado-y-duradero-frasco-x-200ml/COCV_149108.html,37100,36365,https://www.farmatodo.com.co/producto/1051076-bronceador-nivea-sun
NSOC91393-19CO,https://www.cruzverde.com.co/belleza/prevencionsolar/protector-solar-facial-nivea-sun-control-de-brillo-fps50-tubo-x-50ml/COCV_460415.html,44555,37765,https://www.farmatodo.com.co/producto/265550139-protector-solar-nivea-sun-facial-control-brillo-spf-50-tubo-x-50-ml
NSOC25511-07CO,https://www.cruzverde.com.co/belleza/prevencionsolar/protector-solar-piel-sensible-nivea-sun-fps-60-frasco-x-125ml/COCV_148888.html,45325,44765,https://www.farmatodo.com.co/producto/1018647-protector-solar--nivea
NSOC03333-00COX120,https://www.cruzverde.com.co/belleza/prevencionsolar/repelente-spray-stay-off-frasco-x-120-ml/COCV_38937.html,21660,20963,https://www.farmatodo.com.co/producto/202650183-repelente-stay-off
NSOC44012-11COX50,https://www.cruzverde.com.co/belleza/prevencionsolar/jabon-nopikex-caja-x-50-gr/COCV_72602.html,19333,18450,https://www.farmatodo.com.co/producto/1003323-repelente-nopikex-jabon
RSAD11I66915,https://www.cruzverde.com.co/alimentos-y-bebidas/snacks/galletas-alcaguete-nibs-de-cacao-paquete-x-30gr/COCV_560625.html,3183,3000,https://www.farmatodo.com.co/producto/106211762-galleta-con-chocolate
NSA-001628-2016,https://www.cruzverde.com.co/alimentos-y-bebidas/snacks/rosquillas-integrales-arroz-naturela-bolsa-x-75gr-semilla-de-chia-y-linaza/COCV_138913.html,6983,3500,https://www.farmatodo.com.co/producto/214450074-rosquillas-integrales-de
